{ "variants": {
    "facing=east,half=bottom,shape=inner_left": [
      { "model": "minecraft:block/deepslate/tiles/stairs/inner/0", "weight": 8, "y": 270, "uvlock": true },
      { "model": "minecraft:block/deepslate/tiles/stairs/inner/1", "weight": 8, "y": 270, "uvlock": true },
      { "model": "minecraft:block/deepslate/tiles/stairs/inner/2", "weight": 14, "y": 270, "uvlock": true }
    ],
    "facing=east,half=bottom,shape=inner_right": [
      { "model": "minecraft:block/deepslate/tiles/stairs/inner/0", "weight": 8 },
      { "model": "minecraft:block/deepslate/tiles/stairs/inner/1", "weight": 8 },
      { "model": "minecraft:block/deepslate/tiles/stairs/inner/2", "weight": 14 }
    ],
    "facing=east,half=bottom,shape=outer_left": [
      { "model": "minecraft:block/deepslate/tiles/stairs/outer/0", "weight": 8, "y": 270, "uvlock": true },
      { "model": "minecraft:block/deepslate/tiles/stairs/outer/1", "weight": 8, "y": 270, "uvlock": true },
      { "model": "minecraft:block/deepslate/tiles/stairs/outer/2", "weight": 14, "y": 270, "uvlock": true }
    ],
    "facing=east,half=bottom,shape=outer_right": [
      { "model": "minecraft:block/deepslate/tiles/stairs/outer/0", "weight": 8 },
      { "model": "minecraft:block/deepslate/tiles/stairs/outer/1", "weight": 8 },
      { "model": "minecraft:block/deepslate/tiles/stairs/outer/2", "weight": 14 }
    ],
    "facing=east,half=bottom,shape=straight": [
      { "model": "minecraft:block/deepslate/tiles/stairs/0", "weight": 8 },
      { "model": "minecraft:block/deepslate/tiles/stairs/1", "weight": 8 },
      { "model": "minecraft:block/deepslate/tiles/stairs/2", "weight": 14 }
    ],
    "facing=east,half=top,shape=inner_left": [
      { "model": "minecraft:block/deepslate/tiles/stairs/inner/0", "weight": 8, "x": 180, "uvlock": true },
      { "model": "minecraft:block/deepslate/tiles/stairs/inner/1", "weight": 8, "x": 180, "uvlock": true },
      { "model": "minecraft:block/deepslate/tiles/stairs/inner/2", "weight": 14, "x": 180, "uvlock": true }
    ],
    "facing=east,half=top,shape=inner_right": [
      { "model": "minecraft:block/deepslate/tiles/stairs/inner/0", "weight": 8, "x": 180, "y": 90, "uvlock": true },
      { "model": "minecraft:block/deepslate/tiles/stairs/inner/1", "weight": 8, "x": 180, "y": 90, "uvlock": true },
      { "model": "minecraft:block/deepslate/tiles/stairs/inner/2", "weight": 14, "x": 180, "y": 90, "uvlock": true }
    ],
    "facing=east,half=top,shape=outer_left": [
      { "model": "minecraft:block/deepslate/tiles/stairs/outer/0", "weight": 8, "x": 180, "uvlock": true },
      { "model": "minecraft:block/deepslate/tiles/stairs/outer/1", "weight": 8, "x": 180, "uvlock": true },
      { "model": "minecraft:block/deepslate/tiles/stairs/outer/2", "weight": 14, "x": 180, "uvlock": true }
    ],
    "facing=east,half=top,shape=outer_right": [
      { "model": "minecraft:block/deepslate/tiles/stairs/outer/0", "weight": 8, "x": 180, "y": 90, "uvlock": true },
      { "model": "minecraft:block/deepslate/tiles/stairs/outer/1", "weight": 8, "x": 180, "y": 90, "uvlock": true },
      { "model": "minecraft:block/deepslate/tiles/stairs/outer/2", "weight": 14, "x": 180, "y": 90, "uvlock": true }
    ],
    "facing=east,half=top,shape=straight": [
      { "model": "minecraft:block/deepslate/tiles/stairs/0", "weight": 8, "x": 180, "uvlock": true },
      { "model": "minecraft:block/deepslate/tiles/stairs/1", "weight": 8, "x": 180, "uvlock": true },
      { "model": "minecraft:block/deepslate/tiles/stairs/2", "weight": 14, "x": 180, "uvlock": true }
    ],
    "facing=north,half=bottom,shape=inner_left": [
      { "model": "minecraft:block/deepslate/tiles/stairs/inner/0", "weight": 8, "y": 180, "uvlock": true },
      { "model": "minecraft:block/deepslate/tiles/stairs/inner/1", "weight": 8, "y": 180, "uvlock": true },
      { "model": "minecraft:block/deepslate/tiles/stairs/inner/2", "weight": 14, "y": 180, "uvlock": true }
    ],
    "facing=north,half=bottom,shape=inner_right": [
      { "model": "minecraft:block/deepslate/tiles/stairs/inner/0", "weight": 8, "y": 270, "uvlock": true },
      { "model": "minecraft:block/deepslate/tiles/stairs/inner/1", "weight": 8, "y": 270, "uvlock": true },
      { "model": "minecraft:block/deepslate/tiles/stairs/inner/2", "weight": 14, "y": 270, "uvlock": true }
    ],
    "facing=north,half=bottom,shape=outer_left": [
      { "model": "minecraft:block/deepslate/tiles/stairs/outer/0", "weight": 8, "y": 180, "uvlock": true },
      { "model": "minecraft:block/deepslate/tiles/stairs/outer/1", "weight": 8, "y": 180, "uvlock": true },
      { "model": "minecraft:block/deepslate/tiles/stairs/outer/2", "weight": 14, "y": 180, "uvlock": true }
    ],
    "facing=north,half=bottom,shape=outer_right": [
      { "model": "minecraft:block/deepslate/tiles/stairs/outer/0", "weight": 8, "y": 270, "uvlock": true },
      { "model": "minecraft:block/deepslate/tiles/stairs/outer/1", "weight": 8, "y": 270, "uvlock": true },
      { "model": "minecraft:block/deepslate/tiles/stairs/outer/2", "weight": 14, "y": 270, "uvlock": true }
    ],
    "facing=north,half=bottom,shape=straight": [
      { "model": "minecraft:block/deepslate/tiles/stairs/0", "weight": 8, "y": 270, "uvlock": true },
      { "model": "minecraft:block/deepslate/tiles/stairs/1", "weight": 8, "y": 270, "uvlock": true },
      { "model": "minecraft:block/deepslate/tiles/stairs/2", "weight": 14, "y": 270, "uvlock": true }
    ],
    "facing=north,half=top,shape=inner_left": [
      { "model": "minecraft:block/deepslate/tiles/stairs/inner/0", "weight": 8, "x": 180, "y": 270, "uvlock": true },
      { "model": "minecraft:block/deepslate/tiles/stairs/inner/1", "weight": 8, "x": 180, "y": 270, "uvlock": true },
      { "model": "minecraft:block/deepslate/tiles/stairs/inner/2", "weight": 14, "x": 180, "y": 270, "uvlock": true }
    ],
    "facing=north,half=top,shape=inner_right": [
      { "model": "minecraft:block/deepslate/tiles/stairs/inner/0", "weight": 8, "x": 180, "uvlock": true },
      { "model": "minecraft:block/deepslate/tiles/stairs/inner/1", "weight": 8, "x": 180, "uvlock": true },
      { "model": "minecraft:block/deepslate/tiles/stairs/inner/2", "weight": 14, "x": 180, "uvlock": true }
    ],
    "facing=north,half=top,shape=outer_left": [
      { "model": "minecraft:block/deepslate/tiles/stairs/outer/0", "weight": 8, "x": 180, "y": 270, "uvlock": true },
      { "model": "minecraft:block/deepslate/tiles/stairs/outer/1", "weight": 8, "x": 180, "y": 270, "uvlock": true },
      { "model": "minecraft:block/deepslate/tiles/stairs/outer/2", "weight": 14, "x": 180, "y": 270, "uvlock": true }
    ],
    "facing=north,half=top,shape=outer_right": [
      { "model": "minecraft:block/deepslate/tiles/stairs/outer/0", "weight": 8, "x": 180, "uvlock": true },
      { "model": "minecraft:block/deepslate/tiles/stairs/outer/1", "weight": 8, "x": 180, "uvlock": true },
      { "model": "minecraft:block/deepslate/tiles/stairs/outer/2", "weight": 14, "x": 180, "uvlock": true }
    ],
    "facing=north,half=top,shape=straight": [
      { "model": "minecraft:block/deepslate/tiles/stairs/0", "weight": 8, "x": 180, "y": 270, "uvlock": true },
      { "model": "minecraft:block/deepslate/tiles/stairs/1", "weight": 8, "x": 180, "y": 270, "uvlock": true },
      { "model": "minecraft:block/deepslate/tiles/stairs/2", "weight": 14, "x": 180, "y": 270, "uvlock": true }
    ],
    "facing=south,half=bottom,shape=inner_left": [
      { "model": "minecraft:block/deepslate/tiles/stairs/inner/0", "weight": 8 },
      { "model": "minecraft:block/deepslate/tiles/stairs/inner/1", "weight": 8 },
      { "model": "minecraft:block/deepslate/tiles/stairs/inner/2", "weight": 14 }
    ],
    "facing=south,half=bottom,shape=inner_right": [
      { "model": "minecraft:block/deepslate/tiles/stairs/inner/0", "weight": 8, "y": 90, "uvlock": true },
      { "model": "minecraft:block/deepslate/tiles/stairs/inner/1", "weight": 8, "y": 90, "uvlock": true },
      { "model": "minecraft:block/deepslate/tiles/stairs/inner/2", "weight": 14, "y": 90, "uvlock": true }
    ],
    "facing=south,half=bottom,shape=outer_left": [
      { "model": "minecraft:block/deepslate/tiles/stairs/outer/0", "weight": 8 },
      { "model": "minecraft:block/deepslate/tiles/stairs/outer/1", "weight": 8 },
      { "model": "minecraft:block/deepslate/tiles/stairs/outer/2", "weight": 14 }
    ],
    "facing=south,half=bottom,shape=outer_right": [
      { "model": "minecraft:block/deepslate/tiles/stairs/outer/0", "weight": 8, "y": 90, "uvlock": true },
      { "model": "minecraft:block/deepslate/tiles/stairs/outer/1", "weight": 8, "y": 90, "uvlock": true },
      { "model": "minecraft:block/deepslate/tiles/stairs/outer/2", "weight": 14, "y": 90, "uvlock": true }
    ],
    "facing=south,half=bottom,shape=straight": [
      { "model": "minecraft:block/deepslate/tiles/stairs/0", "weight": 8, "y": 90, "uvlock": true },
      { "model": "minecraft:block/deepslate/tiles/stairs/1", "weight": 8, "y": 90, "uvlock": true },
      { "model": "minecraft:block/deepslate/tiles/stairs/2", "weight": 14, "y": 90, "uvlock": true }
    ],
    "facing=south,half=top,shape=inner_left": [
      { "model": "minecraft:block/deepslate/tiles/stairs/inner/0", "weight": 8, "x": 180, "y": 90, "uvlock": true },
      { "model": "minecraft:block/deepslate/tiles/stairs/inner/1", "weight": 8, "x": 180, "y": 90, "uvlock": true },
      { "model": "minecraft:block/deepslate/tiles/stairs/inner/2", "weight": 14, "x": 180, "y": 90, "uvlock": true }
    ],
    "facing=south,half=top,shape=inner_right": [
      { "model": "minecraft:block/deepslate/tiles/stairs/inner/0", "weight": 8, "x": 180, "y": 180, "uvlock": true },
      { "model": "minecraft:block/deepslate/tiles/stairs/inner/1", "weight": 8, "x": 180, "y": 180, "uvlock": true },
      { "model": "minecraft:block/deepslate/tiles/stairs/inner/2", "weight": 14, "x": 180, "y": 180, "uvlock": true }
    ],
    "facing=south,half=top,shape=outer_left": [
      { "model": "minecraft:block/deepslate/tiles/stairs/outer/0", "weight": 8, "x": 180, "y": 90, "uvlock": true },
      { "model": "minecraft:block/deepslate/tiles/stairs/outer/1", "weight": 8, "x": 180, "y": 90, "uvlock": true },
      { "model": "minecraft:block/deepslate/tiles/stairs/outer/2", "weight": 14, "x": 180, "y": 90, "uvlock": true }
    ],
    "facing=south,half=top,shape=outer_right": [
      { "model": "minecraft:block/deepslate/tiles/stairs/outer/0", "weight": 8, "x": 180, "y": 180, "uvlock": true },
      { "model": "minecraft:block/deepslate/tiles/stairs/outer/1", "weight": 8, "x": 180, "y": 180, "uvlock": true },
      { "model": "minecraft:block/deepslate/tiles/stairs/outer/2", "weight": 14, "x": 180, "y": 180, "uvlock": true }
    ],
    "facing=south,half=top,shape=straight": [
      { "model": "minecraft:block/deepslate/tiles/stairs/0", "weight": 8, "x": 180, "y": 90, "uvlock": true },
      { "model": "minecraft:block/deepslate/tiles/stairs/1", "weight": 8, "x": 180, "y": 90, "uvlock": true },
      { "model": "minecraft:block/deepslate/tiles/stairs/2", "weight": 14, "x": 180, "y": 90, "uvlock": true }
    ],
    "facing=west,half=bottom,shape=inner_left": [
      { "model": "minecraft:block/deepslate/tiles/stairs/inner/0", "weight": 8, "y": 90, "uvlock": true },
      { "model": "minecraft:block/deepslate/tiles/stairs/inner/1", "weight": 8, "y": 90, "uvlock": true },
      { "model": "minecraft:block/deepslate/tiles/stairs/inner/2", "weight": 14, "y": 90, "uvlock": true }
    ],
    "facing=west,half=bottom,shape=inner_right": [
      { "model": "minecraft:block/deepslate/tiles/stairs/inner/0", "weight": 8, "y": 180, "uvlock": true },
      { "model": "minecraft:block/deepslate/tiles/stairs/inner/1", "weight": 8, "y": 180, "uvlock": true },
      { "model": "minecraft:block/deepslate/tiles/stairs/inner/2", "weight": 14, "y": 180, "uvlock": true }
    ],
    "facing=west,half=bottom,shape=outer_left": [
      { "model": "minecraft:block/deepslate/tiles/stairs/outer/0", "weight": 8, "y": 90, "uvlock": true },
      { "model": "minecraft:block/deepslate/tiles/stairs/outer/1", "weight": 8, "y": 90, "uvlock": true },
      { "model": "minecraft:block/deepslate/tiles/stairs/outer/2", "weight": 14, "y": 90, "uvlock": true }
    ],
    "facing=west,half=bottom,shape=outer_right": [
      { "model": "minecraft:block/deepslate/tiles/stairs/outer/0", "weight": 8, "y": 180, "uvlock": true },
      { "model": "minecraft:block/deepslate/tiles/stairs/outer/1", "weight": 8, "y": 180, "uvlock": true },
      { "model": "minecraft:block/deepslate/tiles/stairs/outer/2", "weight": 14, "y": 180, "uvlock": true }
    ],
    "facing=west,half=bottom,shape=straight": [
      { "model": "minecraft:block/deepslate/tiles/stairs/0", "weight": 8, "y": 180, "uvlock": true },
      { "model": "minecraft:block/deepslate/tiles/stairs/1", "weight": 8, "y": 180, "uvlock": true },
      { "model": "minecraft:block/deepslate/tiles/stairs/2", "weight": 14, "y": 180, "uvlock": true }
    ],
    "facing=west,half=top,shape=inner_left": [
      { "model": "minecraft:block/deepslate/tiles/stairs/inner/0", "weight": 8, "x": 180, "y": 180, "uvlock": true },
      { "model": "minecraft:block/deepslate/tiles/stairs/inner/1", "weight": 8, "x": 180, "y": 180, "uvlock": true },
      { "model": "minecraft:block/deepslate/tiles/stairs/inner/2", "weight": 14, "x": 180, "y": 180, "uvlock": true }
    ],
    "facing=west,half=top,shape=inner_right": [
      { "model": "minecraft:block/deepslate/tiles/stairs/inner/0", "weight": 8, "x": 180, "y": 270, "uvlock": true },
      { "model": "minecraft:block/deepslate/tiles/stairs/inner/1", "weight": 8, "x": 180, "y": 270, "uvlock": true },
      { "model": "minecraft:block/deepslate/tiles/stairs/inner/2", "weight": 14, "x": 180, "y": 270, "uvlock": true }
    ],
    "facing=west,half=top,shape=outer_left": [
      { "model": "minecraft:block/deepslate/tiles/stairs/outer/0", "weight": 8, "x": 180, "y": 180, "uvlock": true },
      { "model": "minecraft:block/deepslate/tiles/stairs/outer/1", "weight": 8, "x": 180, "y": 180, "uvlock": true },
      { "model": "minecraft:block/deepslate/tiles/stairs/outer/2", "weight": 14, "x": 180, "y": 180, "uvlock": true }
    ],
    "facing=west,half=top,shape=outer_right": [
      { "model": "minecraft:block/deepslate/tiles/stairs/outer/0", "weight": 8, "x": 180, "y": 270, "uvlock": true },
      { "model": "minecraft:block/deepslate/tiles/stairs/outer/1", "weight": 8, "x": 180, "y": 270, "uvlock": true },
      { "model": "minecraft:block/deepslate/tiles/stairs/outer/2", "weight": 14, "x": 180, "y": 270, "uvlock": true }
    ],
    "facing=west,half=top,shape=straight": [
      { "model": "minecraft:block/deepslate/tiles/stairs/0", "weight": 8, "x": 180, "y": 180, "uvlock": true },
      { "model": "minecraft:block/deepslate/tiles/stairs/1", "weight": 8, "x": 180, "y": 180, "uvlock": true },
      { "model": "minecraft:block/deepslate/tiles/stairs/2", "weight": 14, "x": 180, "y": 180, "uvlock": true }
    ]
  }
}