{ "multipart": [
    { "when": { "up": "true" },
      "apply": [
        { "model": "minecraft:block/deepslate/tiles/wall/post/0", "weight": 8 },
        { "model": "minecraft:block/deepslate/tiles/wall/post/1", "weight": 8 },
        { "model": "minecraft:block/deepslate/tiles/wall/post/2", "weight": 14 }
      ]
    },
    { "when": { "north": "low" },
      "apply": [
        { "model": "minecraft:block/deepslate/tiles/wall/side/0", "weight": 8, "uvlock": true },
        { "model": "minecraft:block/deepslate/tiles/wall/side/1", "weight": 8, "uvlock": true },
        { "model": "minecraft:block/deepslate/tiles/wall/side/2", "weight": 14, "uvlock": true }
      ]
    },
    { "when": { "east": "low" },
      "apply": [
        { "model": "minecraft:block/deepslate/tiles/wall/side/0", "weight": 8, "y": 90, "uvlock": true },
        { "model": "minecraft:block/deepslate/tiles/wall/side/1", "weight": 8, "y": 90, "uvlock": true },
        { "model": "minecraft:block/deepslate/tiles/wall/side/2", "weight": 14, "y": 90, "uvlock": true }
      ]
    },
    { "when": { "south": "low" },
      "apply": [
        { "model": "minecraft:block/deepslate/tiles/wall/side/0", "weight": 8, "y": 180, "uvlock": true },
        { "model": "minecraft:block/deepslate/tiles/wall/side/1", "weight": 8, "y": 180, "uvlock": true },
        { "model": "minecraft:block/deepslate/tiles/wall/side/2", "weight": 14, "y": 180, "uvlock": true }
      ]
    },
    { "when": { "west": "low" },
      "apply": [
        { "model": "minecraft:block/deepslate/tiles/wall/side/0", "weight": 8, "y": 270, "uvlock": true },
        { "model": "minecraft:block/deepslate/tiles/wall/side/1", "weight": 8, "y": 270, "uvlock": true },
        { "model": "minecraft:block/deepslate/tiles/wall/side/2", "weight": 14, "y": 270, "uvlock": true }
      ]
    },
    { "when": { "north": "tall" },
      "apply": [
        { "model": "minecraft:block/deepslate/tiles/wall/side_tall/0", "weight": 8, "uvlock": true },
        { "model": "minecraft:block/deepslate/tiles/wall/side_tall/1", "weight": 8, "uvlock": true },
        { "model": "minecraft:block/deepslate/tiles/wall/side_tall/2", "weight": 14, "uvlock": true }
      ]
    },
    { "when": { "east": "tall" },
      "apply": [
        { "model": "minecraft:block/deepslate/tiles/wall/side_tall/0", "weight": 8, "y": 90, "uvlock": true },
        { "model": "minecraft:block/deepslate/tiles/wall/side_tall/1", "weight": 8, "y": 90, "uvlock": true },
        { "model": "minecraft:block/deepslate/tiles/wall/side_tall/2", "weight": 14, "y": 90, "uvlock": true }
      ]
    },
    { "when": { "south": "tall" },
      "apply": [
        { "model": "minecraft:block/deepslate/tiles/wall/side_tall/0", "weight": 8, "y": 180, "uvlock": true },
        { "model": "minecraft:block/deepslate/tiles/wall/side_tall/1", "weight": 8, "y": 180, "uvlock": true },
        { "model": "minecraft:block/deepslate/tiles/wall/side_tall/2", "weight": 14, "y": 180, "uvlock": true }
      ]
    },
    { "when": { "west": "tall" },
      "apply": [
        { "model": "minecraft:block/deepslate/tiles/wall/side_tall/0", "weight": 8, "y": 270, "uvlock": true },
        { "model": "minecraft:block/deepslate/tiles/wall/side_tall/1", "weight": 8, "y": 270, "uvlock": true },
        { "model": "minecraft:block/deepslate/tiles/wall/side_tall/2", "weight": 14, "y": 270, "uvlock": true }
      ]
    }
  ]
}