{ "parent": "block/block",
	"textures": {
		"3": "block/cave_vines/lit/3",
		"4": "block/cave_vines/lit/4",
		"particle": "block/cave_vines/lit/0"
	},
	"elements": [
		{ "from": [0.75, 0, 6.875],
			"to": [12.75, 16, 6.875],
			"rotation": {"angle": -22.5, "axis": "y", "origin": [8.75, 8, 6.875]},
			"faces": {
				"north": {"uv": [4, 0, 16, 16], "texture": "#4"},
				"south": {"uv": [16, 0, 4, 16], "texture": "#4"}
			}
		},
		{ "from": [6.75, 6, 5.875],
			"to": [6.75, 13, 7.875],
			"rotation": {"angle": -22.5, "axis": "y", "origin": [8.75, 8, 6.875]},
			"faces": {
				"east": {"uv": [0, 9, 2, 16], "texture": "#4"},
				"west": {"uv": [2, 9, 0, 16], "texture": "#4"}
			}
		},
		{ "from": [9.5, 0, 4.25],
			"to": [9.5, 16, 16.25],
			"rotation": {"angle": -22.5, "axis": "y", "origin": [9.5, 8, 8.25]},
			"faces": {
				"east": {"uv": [0, 0, 12, 16], "texture": "#3"},
				"west": {"uv": [12, 0, 0, 16], "texture": "#3"}
			}
		},
		{ "from": [7.73463, 1.5, 14.09776],
			"to": [9.73463, 3.5, 14.09776],
			"rotation": {"angle": -22.5, "axis": "y", "origin": [8.73463, 8, 10.09776]},
			"faces": {
				"north": {"uv": [2, 14, 0, 16], "texture": "#4"},
				"south": {"uv": [0, 14, 2, 16], "texture": "#4"}
			}
		},
		{ "from": [7.73463, 13.5, 11.09776],
			"to": [9.73463, 15.5, 11.09776],
			"rotation": {"angle": -22.5, "axis": "y", "origin": [8.73463, 8, 10.09776]},
			"faces": {
				"north": {"uv": [2, 14, 0, 16], "texture": "#4"},
				"south": {"uv": [0, 14, 2, 16], "texture": "#4"}
			}
		}
	]
}