{ "parent": "block/block",
	"textures": {
		"3": "block/cave_vines/unlit/3",
		"4": "block/cave_vines/unlit/4",
		"particle": "block/cave_vines/unlit/0"
	},
	"elements": [
		{ "from": [0.75, 0, 6.875],
			"to": [12.75, 16, 6.875],
			"rotation": {"angle": -22.5, "axis": "y", "origin": [8.75, 8, 6.875]},
			"faces": {
				"north": {"uv": [4, 0, 16, 16], "texture": "#4"},
				"south": {"uv": [16, 0, 4, 16], "texture": "#4"}
			}
		},
		{ "from": [9.5, 0, 4.25],
			"to": [9.5, 16, 16.25],
			"rotation": {"angle": -22.5, "axis": "y", "origin": [9.5, 8, 8.25]},
			"faces": {
				"east": {"uv": [0, 0, 12, 16], "texture": "#3"},
				"west": {"uv": [12, 0, 0, 16], "texture": "#3"}
			}
		}
	]
}