{ "parent": "block/block",
	"textures": {
		"0": "block/cave_vines/lit/0",
		"1": "block/cave_vines/lit/1",
		"2": "block/cave_vines/lit/2",
		"4": "block/cave_vines/lit/4",
		"particle": "block/cave_vines/lit/0"
	},
	"elements": [
		{ "from": [0, 0, 8],
			"to": [16, 16, 8],
			"rotation": {"angle": -45, "axis": "y", "origin": [8, 8, 8]},
			"faces": {
				"north": {"uv": [0, 0, 16, 16], "texture": "#1"},
				"south": {"uv": [16, 0, 0, 16], "texture": "#1"}
			}
		},
		{ "from": [6.5, 3, 7],
			"to": [6.5, 5, 9],
			"rotation": {"angle": -45, "axis": "y", "origin": [8, 8, 8]},
			"faces": {
				"east": {"uv": [0, 14, 2, 16], "texture": "#4"},
				"west": {"uv": [2, 14, 0, 16], "texture": "#4"}
			}
		},
		{ "from": [4.5, 12.5, 7],
			"to": [4.5, 14.5, 9],
			"rotation": {"angle": -45, "axis": "y", "origin": [8, 8, 8]},
			"faces": {
				"east": {"uv": [0, 14, 2, 16], "texture": "#4"},
				"west": {"uv": [2, 14, 0, 16], "texture": "#4"}
			}
		},
		{ "from": [0, 0, 8],
			"to": [16, 16, 8],
			"rotation": {"angle": 22.5, "axis": "y", "origin": [8, 8, 8]},
			"faces": {
				"north": {"uv": [0, 0, 16, 16], "texture": "#2"},
				"south": {"uv": [16, 0, 0, 16], "texture": "#2"}
			}
		},
		{ "from": [12, 5, 7],
			"to": [12, 7, 9],
			"rotation": {"angle": 22.5, "axis": "y", "origin": [8, 8, 8]},
			"faces": {
				"east": {"uv": [2, 14, 0, 16], "texture": "#4"},
				"west": {"uv": [0, 14, 2, 16], "texture": "#4"}
			}
		},
		{ "from": [8, 0, 0],
			"to": [8, 16, 16],
			"faces": {
				"east": {"uv": [0, 0, 16, 16], "texture": "#0"},
				"west": {"uv": [16, 0, 0, 16], "texture": "#0"}
			}
		},
		{ "from": [7, 12, 14.5],
			"to": [9, 14, 14.5],
			"faces": {
				"north": {"uv": [0, 14, 2, 16], "texture": "#4"},
				"south": {"uv": [2, 14, 0, 16], "texture": "#4"}
			}
		},
		{ "from": [7, 1, 12],
			"to": [9, 3, 12],
			"faces": {
				"north": {"uv": [0, 14, 2, 16], "texture": "#4"},
				"south": {"uv": [2, 14, 0, 16], "texture": "#4"}
			}
		}
	]
}